Timestamp,CAN_ID,DLC,DataBytes
1768600418.8716307,2164332608,8,78 01 00 16 59 04 00 60
1768600418.8798945,2147746239,8,01 00 00 00 00 00 00 00
1768600418.890661,2181412875,8,AC 0C DB 06 00 00 20 00
1768600418.8989494,2164332608,8,78 01 00 16 59 04 00 60
1768600418.9071984,2147746239,8,01 00 00 00 00 00 00 00
1768600418.918023,2181413195,8,00 00 00 00 00 00 00 00
1768600418.9263134,2147746239,8,01 00 00 00 00 00 00 00
1768600418.934638,2181413195,8,00 00 00 00 00 00 00 00
1768600418.9453604,2164332608,8,78 01 00 16 59 04 00 60
1768600418.9536662,2181412875,8,AC 0C DD 06 00 00 20 00
1768600418.9644628,2181413195,8,00 00 00 00 00 00 00 00
1768600418.972765,2181412875,8,AC 0C DD 06 00 00 20 00
1768600418.9809823,2181413195,8,00 00 00 00 00 00 00 00
1768600418.991798,2147746239,8,01 00 00 00 00 00 00 00
1768600419.0001361,2181413195,8,00 00 00 00 00 00 00 00
1768600419.008356,2147746239,8,01 00 00 00 00 00 00 00
1768600419.0191848,2181413195,8,00 00 00 00 00 00 00 00
1768600419.0274463,2147746239,8,01 00 00 00 00 00 00 00
1768600419.0383167,2181413195,8,00 00 00 00 00 00 00 00
1768600419.0465176,2147746239,8,01 00 00 00 00 00 00 00
1768600419.054819,2181413195,8,00 00 00 00 00 00 00 00
1768600419.0656602,2164332608,8,78 01 00 16 59 04 00 60
1768600419.073855,2181412875,8,AC 0C DC 06 00 00 20 00
1768600419.0822096,2181413195,8,00 00 00 00 00 00 00 00
1768600419.0929613,2181412875,8,AC 0C DB 06 00 00 20 00
1768600419.101305,2181413195,8,00 00 00 00 00 00 00 00
1768600419.1095135,2181300382,8,00 00 66 00 00 00 00 00
1768600419.1203814,2181413195,8,00 00 00 00 00 00 00 00
1768600419.128585,2147746239,8,01 00 00 00 00 00 00 00
1768600419.1393805,2181413195,8,00 00 00 00 00 00 00 00
1768600419.147706,2147746239,8,01 00 00 00 00 00 00 00
1768600419.1559336,2181413195,8,00 00 00 00 00 00 00 00
1768600419.1669178,2147746239,8,01 00 00 00 00 00 00 00
1768600419.1750157,2181413195,8,00 00 00 00 00 00 00 00
1768600419.183399,2164332608,8,78 01 00 16 59 04 00 60
1768600419.194097,2181412875,8,AC 0C DA 06 00 00 20 00
1768600419.2024732,2181413195,8,00 00 00 00 00 00 00 00
1768600419.213183,2181412875,8,00 00 E1 06 00 00 20 00
1768600419.221467,2181413195,8,00 00 00 00 00 00 00 00
1768600419.2297494,2147746239,8,01 00 00 00 00 00 00 00
1768600419.24053,2181413195,8,00 00 00 00 00 00 00 00
1768600419.2489023,2147746239,8,01 00 00 00 00 00 00 00
1768600419.2570813,2181413195,8,00 00 00 00 00 00 00 00
1768600419.267989,2147746239,8,01 00 00 00 00 00 00 00
1768600419.2761655,2181413195,8,00 00 00 00 00 00 00 00
1768600419.2870445,2147746239,8,01 00 00 00 00 00 00 00
1768600419.2952647,2181412875,8,AC 0C D6 06 00 00 20 00
1768600419.3035219,2181413195,8,00 00 00 00 00 00 00 00
1768600419.3143933,2181412875,8,00 00 E3 06 00 00 20 00
1768600419.3226125,2181413195,8,00 00 00 00 00 00 00 00
1768600419.330983,2181412875,8,00 00 E2 06 00 00 20 00
1768600419.3416915,2181413195,8,00 00 00 00 00 00 00 00
1768600419.3501754,2147746239,8,01 00 00 00 00 00 00 00
1768600419.360783,2181413195,8,00 00 00 00 00 00 00 00
1768600419.369141,2147746239,8,01 00 00 00 00 00 00 00
1768600419.3773184,2181413195,8,00 00 00 00 00 00 00 00
1768600419.3881693,2147746239,8,01 00 00 00 00 00 00 00
1768600419.3964472,2181413195,8,00 00 00 00 00 00 00 00
1768600419.4047518,2164332608,8,78 01 00 16 59 04 00 60
1768600419.415561,2181412875,8,00 00 E2 06 00 00 20 00
1768600419.4237456,2181413195,8,00 00 00 00 00 00 00 00
1768600419.434636,2181412875,8,AC 0C D7 06 00 00 20 00
1768600419.4428449,2181413195,8,00 00 00 00 00 00 00 00
1768600419.4512112,2181412875,8,AC 0C D8 06 00 00 20 00
1768600419.461933,2181413195,8,00 00 00 00 00 00 00 00
1768600419.4702656,2147746239,8,01 00 00 00 00 00 00 00
1768600419.4784858,2181413195,8,00 00 00 00 00 00 00 00
1768600419.4893854,2147746239,8,01 00 00 00 00 00 00 00
1768600419.4975808,2181413195,8,00 00 00 00 00 00 00 00
1768600419.508415,2147746239,8,01 00 00 00 00 00 00 00
1768600419.5167184,2181413195,8,00 00 00 00 00 00 00 00
1768600419.5248966,2164332608,8,78 01 00 16 59 04 00 60
1768600419.5357661,2181412875,8,00 00 E2 06 00 00 20 00
1768600419.5439968,2181413195,8,00 00 00 00 00 00 00 00
1768600419.5523028,2181412875,8,AC 0C D9 06 00 00 20 00
1768600419.5630858,2181413195,8,00 00 00 00 00 00 00 00
1768600419.5714412,2181412875,8,00 00 E2 06 00 00 20 00
1768600419.582217,2181413195,8,00 00 00 00 00 00 00 00
1768600419.590476,2147746239,8,01 00 00 00 00 00 00 00
1768600419.5988398,2181413195,8,00 00 00 00 00 00 00 00
1768600419.6095905,2147746239,8,01 00 00 00 00 00 00 00
1768600419.6178646,2181413195,8,00 00 00 00 00 00 00 00
1768600419.6260655,2147746239,8,01 00 00 00 00 00 00 00
1768600419.6369154,2181413195,8,00 00 00 00 00 00 00 00
1768600419.6451607,2147746239,8,01 00 00 00 00 00 00 00
1768600419.6559978,2181412875,8,AC 0C CE 06 00 00 20 00
1768600419.6643474,2181412939,8,00 00 00 08 00 00 00 00
1768600419.6725464,2181412875,8,AC 0C D9 06 00 00 20 00
1768600419.6834426,2181413195,8,00 00 00 00 00 00 00 00
1768600419.6916254,2181412875,8,AC 0C DC 06 00 00 20 00
1768600419.6999366,2181413195,8,00 00 00 00 00 00 00 00
1768600419.7107205,2181300382,8,00 00 66 00 00 00 00 00
1768600419.7189996,2181413195,8,00 00 00 00 00 00 00 00
1768600419.7298107,2147746239,8,01 00 00 00 00 00 00 00
1768600419.7380598,2181413195,8,00 00 00 00 00 00 00 00
1768600419.746317,2147746239,8,01 00 00 00 00 00 00 00
1768600419.7571673,2181413195,8,00 00 00 00 00 00 00 00
1768600419.7654583,2147746239,8,01 00 00 00 00 00 00 00
1768600419.7736895,2181412875,8,AC 0C DB 06 00 00 20 00
1768600419.7845407,2181413195,8,00 00 00 00 00 00 00 00
1768600419.79278,2181412875,8,00 00 E3 06 00 00 20 00
1768600419.8036044,2181413195,8,00 00 00 00 00 00 00 00
1768600419.8118742,2181412875,8,00 00 E3 06 00 00 20 00
1768600419.8201427,2181413195,8,00 00 00 00 00 00 00 00
1768600419.830995,2147746239,8,01 00 00 00 00 00 00 00
1768600419.8392203,2181413195,8,00 00 00 00 00 00 00 00
1768600419.847484,2147746239,8,01 00 00 00 00 00 00 00
1768600419.858368,2181413195,8,00 00 00 00 00 00 00 00
1768600419.8666158,2147746239,8,01 00 00 00 00 00 00 00
1768600419.877412,2181413195,8,00 00 00 00 00 00 00 00
1768600419.8856788,2147746239,8,01 00 00 00 00 00 00 00
1768600419.8939629,2181412875,8,AC 0C D5 06 00 00 20 00
1768600419.904745,2181413195,8,00 00 00 00 00 00 00 00
1768600419.9130428,2181365899,8,CD CC CC 3D 00 00 04 00
1768600419.9213147,2181413195,8,00 00 00 00 00 00 00 00
1768600419.9321966,2181412875,8,00 00 E3 06 00 00 20 00
1768600419.9404597,2181413195,8,00 00 00 00 00 00 00 00
1768600419.951335,2147746239,8,01 00 00 00 00 00 00 00
1768600419.9594755,2181413195,8,00 00 00 00 00 00 00 00
1768600419.9677796,2147746239,8,01 00 00 00 00 00 00 00
1768600419.9785576,2181413195,8,00 00 00 00 00 00 00 00
1768600419.9868364,2147746239,8,01 00 00 00 00 00 00 00
1768600419.9951007,2181413195,8,00 00 00 00 00 00 00 00
1768600420.0059211,2147746239,8,01 00 00 00 00 00 00 00
1768600420.0142305,2181412875,8,AC 0C DD 06 00 00 20 00
1768600420.0249963,2181413195,8,00 00 00 00 00 00 00 00
1768600420.0336075,2181412875,8,AC 0C DA 06 00 00 20 00
1768600420.041529,2181413195,8,00 00 00 00 00 00 00 00
1768600420.052341,2181412875,8,AC 0C DB 06 00 00 20 00
1768600420.0606391,2181413195,8,00 00 00 00 00 00 00 00
1768600420.068922,2147746239,8,01 00 00 00 00 00 00 00
1768600420.0797176,2181413195,8,00 00 00 00 00 00 00 00
1768600420.087964,2147746239,8,01 00 00 00 00 00 00 00
1768600420.0988429,2181413195,8,00 00 00 00 00 00 00 00
1768600420.1070652,2147746239,8,01 00 00 00 00 00 00 00
1768600420.1157918,2181413195,8,00 00 00 00 00 00 00 00
1768600420.1262004,2147746239,8,01 00 00 00 00 00 00 00
1768600420.13449,2181412875,8,AC 0C DC 06 00 00 20 00
1768600420.1427133,2181413195,8,00 00 00 00 00 00 00 00
1768600420.1535628,2181412875,8,AC 0C DB 06 00 00 20 00
1768600420.16181,2181412939,8,00 00 00 08 00 00 00 00
1768600420.1726077,2181412875,8,AC 0C DE 06 00 00 20 00
1768600420.180907,2181413195,8,00 00 00 00 00 00 00 00
1768600420.1891453,2147746239,8,01 00 00 00 00 00 00 00
1768600420.200076,2181413195,8,00 00 00 00 00 00 00 00
1768600420.208226,2147746239,8,01 00 00 00 00 00 00 00
1768600420.216513,2181413195,8,00 00 00 00 00 00 00 00
1768600420.2273524,2147746239,8,01 00 00 00 00 00 00 00
1768600420.2356288,2181413195,8,00 00 00 00 00 00 00 00
1768600420.2438774,2164332608,8,78 01 00 16 59 04 00 60
1768600420.254699,2181412875,8,AC 0C DB 06 00 00 20 00
1768600420.2629695,2181413195,8,00 00 00 00 00 00 00 00
1768600420.2738035,2181412875,8,00 00 E3 06 00 00 20 00
1768600420.2820864,2181413195,8,00 00 00 00 00 00 00 00
1768600420.2902758,2181412875,8,AC 0C D9 06 00 00 20 00
1768600420.301234,2181413195,8,00 00 00 00 00 00 00 00
1768600420.3094463,2181300382,8,00 00 66 00 00 00 00 00
1768600420.3177,2181413195,8,00 00 00 00 00 00 00 00
1768600420.3284595,2147746239,8,01 00 00 00 00 00 00 00
1768600420.336768,2181413195,8,00 00 00 00 00 00 00 00
1768600420.3476195,2147746239,8,01 00 00 00 00 00 00 00
1768600420.3558545,2181413195,8,00 00 00 00 00 00 00 00
1768600420.3641338,2164332608,8,78 01 00 16 59 04 00 60
1768600420.3749218,2181412875,8,AC 0C DC 06 00 00 20 00
1768600420.3833659,2181413195,8,00 00 00 00 00 00 00 00
1768600420.391506,2181412875,8,AC 0C DB 06 00 00 20 00
1768600420.402405,2181413195,8,00 00 00 00 00 00 00 00
1768600420.4105215,2181412939,8,08 00 00 08 00 00 00 00
1768600420.421373,2181413195,8,00 00 00 00 00 00 00 00
1768600420.4296255,2147746239,8,01 00 00 00 00 00 00 00
1768600420.4379125,2181413195,8,00 00 00 00 00 00 00 00
1768600420.44876,2147746239,8,01 00 00 00 00 00 00 00
1768600420.457013,2181413195,8,00 00 00 00 00 00 00 00
1768600420.4653687,2147746239,8,01 00 00 00 00 00 00 00
1768600420.4760928,2181413195,8,00 00 00 00 00 00 00 00
1768600420.4844627,2164332608,8,78 01 00 16 59 04 00 60
1768600420.495142,2181412875,8,AC 0C D9 06 00 00 20 00
1768600420.5034552,2181413195,8,00 00 00 00 00 00 00 00
1768600420.5116837,2181412875,8,00 00 E2 06 00 00 20 00
1768600420.5225418,2181413195,8,00 00 00 00 00 00 00 00
1768600420.5307891,2147746239,8,01 00 00 00 00 00 00 00
1768600420.539055,2181413195,8,00 00 00 00 00 00 00 00
1768600420.5499096,2147746239,8,01 00 00 00 00 00 00 00
1768600420.5581627,2181413195,8,00 00 00 00 00 00 00 00
1768600420.5689728,2147746239,8,01 00 00 00 00 00 00 00
1768600420.577259,2181413195,8,00 00 00 00 00 00 00 00
1768600420.5855901,2147746239,8,01 00 00 00 00 00 00 00
1768600420.596356,2181413195,8,00 00 00 00 00 00 00 00
1768600420.6045773,2164332608,8,78 01 00 16 59 04 00 60
1768600420.6128342,2181412875,8,00 00 E2 06 00 00 20 00
1768600420.6236773,2181413195,8,00 00 00 00 00 00 00 00
1768600420.6319869,2181412875,8,00 00 E3 06 00 00 20 00
1768600420.6427772,2181413195,8,00 00 00 00 00 00 00 00
1768600420.651072,2147746239,8,01 00 00 00 00 00 00 00
1768600420.6593165,2181413195,8,00 00 00 00 00 00 00 00
1768600420.6701314,2147746239,8,01 00 00 00 00 00 00 00
1768600420.6783934,2181413195,8,00 00 00 00 00 00 00 00
1768600420.686661,2147746239,8,01 00 00 00 00 00 00 00
1768600420.6975155,2181413195,8,00 00 00 00 00 00 00 00
1768600420.705776,2147746239,8,01 00 00 00 00 00 00 00
1768600420.7165887,2181413195,8,00 00 00 00 00 00 00 00
1768600420.7248418,2164332608,8,78 01 00 16 59 04 00 60
1768600420.7331214,2181412875,8,AC 0C D7 06 00 00 20 00
1768600420.743917,2181413195,8,00 00 00 00 00 00 00 00
1768600420.7522082,2181412875,8,AC 0C DA 06 00 00 20 00
1768600420.760451,2181413195,8,00 00 00 00 00 00 00 00
1768600420.7713542,2147746239,8,01 00 00 00 00 00 00 00
1768600420.7795694,2181413195,8,00 00 00 00 00 00 00 00
1768600420.7878146,2147746239,8,01 00 00 00 00 00 00 00
1768600420.7987072,2181413195,8,00 00 00 00 00 00 00 00
1768600420.8069086,2147746239,8,01 00 00 00 00 00 00 00
1768600420.8177412,2181413195,8,00 00 00 00 00 00 00 00
1768600420.8259945,2147746239,8,01 00 00 00 00 00 00 00
1768600420.8343186,2181413195,8,00 00 00 00 00 00 00 00
1768600420.8450735,2164332608,8,78 01 00 16 59 04 00 60
1768600420.8534386,2181412875,8,AC 0C DB 06 00 00 20 00
1768600420.8616023,2181413195,8,00 00 00 00 00 00 00 00
1768600420.8724172,2181412875,8,AC 0C DC 06 00 00 20 00
1768600420.880728,2181413195,8,00 00 00 00 00 00 00 00
1768600420.8915071,2147746239,8,01 00 00 00 00 00 00 00
1768600420.899852,2181413195,8,00 00 00 00 00 00 00 00
1768600420.9080565,2147746239,8,01 00 00 00 00 00 00 00
1768600420.9188766,2181413195,8,00 00 00 00 00 00 00 00
1768600420.927146,2147746239,8,01 00 00 00 00 00 00 00
1768600420.9355078,2181413195,8,00 00 00 00 00 00 00 00
1768600420.946225,2147746239,8,01 00 00 00 00 00 00 00
1768600420.9544735,2181412875,8,00 00 E2 06 00 00 20 00
1768600420.965386,2181413195,8,00 00 00 00 00 00 00 00
1768600420.9735665,2181412875,8,00 00 E2 06 00 00 20 00
1768600420.9819243,2181413195,8,00 00 00 00 00 00 00 00
1768600420.9926672,2181412875,8,00 00 E3 06 00 00 20 00
1768600421.0009978,2181413195,8,00 00 00 00 00 00 00 00
1768600421.0092018,2181300382,8,00 00 66 00 00 00 00 00
1768600421.0200212,2181413195,8,00 00 00 00 00 00 00 00
1768600421.0283184,2147746239,8,01 00 00 00 00 00 00 00
1768600421.0391006,2181413195,8,00 00 00 00 00 00 00 00
1768600421.0474298,2147746239,8,01 00 00 00 00 00 00 00
1768600421.0556393,2181413195,8,00 00 00 00 00 00 00 00
1768600421.0665834,2147746239,8,01 00 00 00 00 00 00 00
1768600421.0747397,2181412875,8,AC 0C DB 06 00 00 20 00
1768600421.0830781,2181413195,8,00 00 00 00 00 00 00 00
1768600421.093834,2181412875,8,AC 0C DB 06 00 00 20 00
1768600421.1021469,2181413195,8,00 00 00 00 00 00 00 00
1768600421.1129134,2181412875,8,AC 0C DD 06 00 00 20 00
1768600421.1211636,2181413195,8,00 00 00 00 00 00 00 00
1768600421.129462,2147746239,8,01 00 00 00 00 00 00 00
1768600421.1403508,2181413195,8,00 00 00 00 00 00 00 00
1768600421.1486125,2147746239,8,01 00 00 00 00 00 00 00
1768600421.156799,2181413195,8,00 00 00 00 00 00 00 00
1768600421.1676998,2147746239,8,01 00 00 00 00 00 00 00
1768600421.1758914,2181413195,8,00 00 00 00 00 00 00 00
1768600421.1867383,2147746239,8,01 00 00 00 00 00 00 00
1768600421.1949835,2181412875,8,AC 0C DE 06 00 00 20 00
1768600421.20327,2181413195,8,00 00 00 00 00 00 00 00
1768600421.214128,2181412875,8,AC 0C DB 06 00 00 20 00
1768600421.2224226,2181413195,8,00 00 00 00 00 00 00 00
1768600421.230745,2181412875,8,00 00 E3 06 00 00 20 00
1768600421.2414222,2181413195,8,00 00 00 00 00 00 00 00
1768600421.249761,2147746239,8,01 00 00 00 00 00 00 00
1768600421.2605011,2181413195,8,00 00 00 00 00 00 00 00
1768600421.2688415,2147746239,8,01 00 00 00 00 00 00 00
1768600421.2770467,2181413195,8,00 00 00 00 00 00 00 00
1768600421.2879245,2147746239,8,01 00 00 00 00 00 00 00
1768600421.296152,2181413195,8,00 00 00 00 00 00 00 00
1768600421.3044746,2147746239,8,01 00 00 00 00 00 00 00
1768600421.3153057,2181412875,8,00 00 E1 06 00 00 20 00
1768600421.323474,2181413195,8,00 00 00 00 00 00 00 00
1768600421.3343825,2181412875,8,AC 0C C8 16 00 00 20 00
1768600421.3425705,2181413195,8,00 00 00 00 00 00 00 00
1768600421.3509104,2181412875,8,AC 0C D7 06 00 00 20 00
1768600421.3617277,2181413195,8,00 00 00 00 00 00 00 00
1768600421.3699758,2147746239,8,01 00 00 00 00 00 00 00
1768600421.3782096,2181413195,8,00 00 00 00 00 00 00 00
1768600421.3890462,2147746239,8,01 00 00 00 00 00 00 00
1768600421.397411,2181413195,8,00 00 00 00 00 00 00 00
1768600421.4081542,2147746239,8,01 00 00 00 00 00 00 00
1768600421.4164383,2181413195,8,00 00 00 00 00 00 00 00
1768600421.4246795,2147746239,8,01 00 00 00 00 00 00 00
1768600421.435567,2181412875,8,AC 0C DA 06 00 00 20 00
1768600421.4437757,2181413195,8,00 00 00 00 00 00 00 00
1768600421.4520562,2181412875,8,AC 0C D9 06 00 00 20 00
1768600421.4628165,2181413195,8,00 00 00 00 00 00 00 00
1768600421.47113,2181412875,8,AC 0C DB 06 00 00 20 00
1768600421.482075,2181413195,8,00 00 00 00 00 00 00 00
1768600421.490204,2147746239,8,01 00 00 00 00 00 00 00
1768600421.498508,2181413195,8,00 00 00 00 00 00 00 00
1768600421.5093858,2147746239,8,01 00 00 00 00 00 00 00
1768600421.517635,2181413195,8,00 00 00 00 00 00 00 00
1768600421.5258296,2147746239,8,01 00 00 00 00 00 00 00
1768600421.5366821,2181413195,8,00 00 00 00 00 00 00 00
1768600421.5449376,2147746239,8,01 00 00 00 00 00 00 00
1768600421.5557346,2181412875,8,AC 0C DD 06 00 00 20 00
1768600421.5640268,2181413195,8,00 00 00 00 00 00 00 00
1768600421.572269,2181412875,8,AC 0C DC 06 00 00 20 00
1768600421.5831547,2181413195,8,00 00 00 00 00 00 00 00
1768600421.5914187,2181412875,8,AC 0C DB 06 00 00 20 00
1768600421.5996778,2181413195,8,00 00 00 00 00 00 00 00
1768600421.6104803,2181365899,8,CD CC CC 3D 00 00 04 00
1768600421.6187336,2181413195,8,00 00 00 00 00 00 00 00
1768600421.6295488,2147746239,8,01 00 00 00 00 00 00 00
1768600421.6378243,2181413195,8,00 00 00 00 00 00 00 00
1768600421.6460516,2147746239,8,01 00 00 00 00 00 00 00
1768600421.6569076,2181413195,8,00 00 00 00 00 00 00 00
1768600421.6652594,2147746239,8,01 00 00 00 00 00 00 00
1768600421.6734805,2181412875,8,AC 0C DC 06 00 00 20 00
1768600421.6843507,2181413195,8,00 00 00 00 00 00 00 00
1768600421.692531,2181412875,8,AC 0C DC 06 00 00 20 00
1768600421.7033315,2181413195,8,00 00 00 00 00 00 00 00
1768600421.7116115,2181412875,8,AC 0C DD 06 00 00 20 00
1768600421.719877,2181413195,8,00 00 00 00 00 00 00 00
1768600421.730733,2147746239,8,01 00 00 00 00 00 00 00
1768600421.7389503,2181413195,8,00 00 00 00 00 00 00 00
1768600421.7472095,2147746239,8,01 00 00 00 00 00 00 00
1768600421.7580566,2181413195,8,00 00 00 00 00 00 00 00
1768600421.7663472,2147746239,8,01 00 00 00 00 00 00 00
1768600421.7771428,2181413195,8,00 00 00 00 00 00 00 00
1768600421.7854202,2164332608,8,78 01 00 16 59 04 00 60
1768600421.79368,2181412875,8,AC 0C DE 06 00 00 20 00
1768600421.8044763,2181413195,8,00 00 00 00 00 00 00 00
1768600421.812785,2181412875,8,00 00 E2 06 00 00 20 00
1768600421.821009,2181413195,8,00 00 00 00 00 00 00 00
1768600421.8319166,2181412875,8,AC 0C D5 06 00 00 20 00
1768600421.8400998,2181413195,8,00 00 00 00 00 00 00 00
1768600421.8509738,2147746239,8,01 00 00 00 00 00 00 00
1768600421.859212,2181413195,8,00 00 00 00 00 00 00 00
1768600421.8674846,2147746239,8,01 00 00 00 00 00 00 00
1768600421.878337,2181413195,8,00 00 00 00 00 00 00 00
1768600421.8865778,2147746239,8,01 00 00 00 00 00 00 00
1768600421.894839,2181413195,8,00 00 00 00 00 00 00 00
1768600421.905646,2164332608,8,78 01 00 16 59 04 00 60
1768600421.9140587,2181412875,8,AC 0C DB 06 00 00 20 00
1768600421.9247215,2181413195,8,00 00 00 00 00 00 00 00
1768600421.933053,2181412875,8,AC 0C DC 06 00 00 20 00
1768600421.9412584,2181413195,8,00 00 00 00 00 00 00 00
1768600421.9521332,2181412875,8,AC 0C DB 06 00 00 20 00
1768600421.960406,2181413195,8,00 00 00 00 00 00 00 00
1768600421.968626,2147746239,8,01 00 00 00 00 00 00 00
1768600421.979441,2181413195,8,00 00 00 00 00 00 00 00
1768600421.9877136,2147746239,8,01 00 00 00 00 00 00 00
1768600421.9986403,2181413195,8,00 00 00 00 00 00 00 00
1768600422.006791,2147746239,8,01 00 00 00 00 00 00 00
1768600422.0151231,2181413195,8,00 00 00 00 00 00 00 00
1768600422.0258827,2147746239,8,01 00 00 00 00 00 00 00
1768600422.0342023,2181412875,8,00 00 E2 06 00 00 20 00
1768600422.0424614,2181413195,8,00 00 00 00 00 00 00 00
1768600422.0533588,2181412875,8,AC 0C D7 06 00 00 20 00
1768600422.0615158,2181413195,8,00 00 00 00 00 00 00 00
1768600422.0723293,2181412875,8,00 00 E2 06 00 00 20 00
1768600422.0806956,2181413195,8,00 00 00 00 00 00 00 00
1768600422.0888503,2147746239,8,01 00 00 00 00 00 00 00
1768600422.0997396,2181413195,8,00 00 00 00 00 00 00 00
1768600422.1079478,2147746239,8,01 00 00 00 00 00 00 00
1768600422.1162813,2181413195,8,00 00 00 00 00 00 00 00
1768600422.1270313,2147746239,8,01 00 00 00 00 00 00 00
1768600422.1354504,2181413195,8,00 00 00 00 00 00 00 00
1768600422.1435704,2164332608,8,78 01 00 16 59 04 00 60
1768600422.1543872,2181412875,8,AC 0C D3 06 00 00 20 00
1768600422.1626768,2181412939,8,00 00 00 08 00 00 00 00
1768600422.1735203,2181412875,8,AC 0C D9 06 00 00 20 00
1768600422.1818578,2181413195,8,00 00 00 00 00 00 00 00
1768600422.1900063,2147746239,8,01 00 00 00 00 00 00 00
1768600422.2008867,2181413195,8,00 00 00 00 00 00 00 00
1768600422.2090986,2147746239,8,01 00 00 00 00 00 00 00
1768600422.2175229,2181413195,8,00 00 00 00 00 00 00 00
1768600422.2281842,2147746239,8,01 00 00 00 00 00 00 00
1768600422.2364948,2181413195,8,00 00 00 00 00 00 00 00
1768600422.2473938,2147746239,8,01 00 00 00 00 00 00 00
1768600422.2555735,2181413195,8,00 00 00 00 00 00 00 00
1768600422.2638214,2164332608,8,78 01 00 16 59 04 00 60
1768600422.2746649,2181412875,8,AC 0C DB 06 00 00 20 00
1768600422.2829561,2181413195,8,00 00 00 00 00 00 00 00
1768600422.291157,2181412875,8,AC 0C DC 06 00 00 20 00
1768600422.3020298,2181413195,8,00 00 00 00 00 00 00 00
1768600422.3102407,2181300382,8,00 00 66 00 00 00 00 00
1768600422.3210988,2181413195,8,00 00 00 00 00 00 00 00
1768600422.3293946,2164332608,8,78 01 00 16 59 04 00 60
1768600422.3376892,2181413195,8,00 00 00 00 00 00 00 00
1768600422.348549,2147746239,8,01 00 00 00 00 00 00 00
1768600422.3567827,2181413195,8,00 00 00 00 00 00 00 00
1768600422.3650675,2147746239,8,01 00 00 00 00 00 00 00
1768600422.3758318,2181413195,8,00 00 00 00 00 00 00 00
1768600422.3841054,2164332608,8,78 01 00 16 59 04 00 60
1768600422.3949013,2181412875,8,AC 0C DA 06 00 00 20 00
1768600422.4031706,2181413195,8,00 00 00 00 00 00 00 00
1768600422.4114473,2181412875,8,00 00 E2 06 00 00 20 00
1768600422.42235,2181413195,8,00 00 00 00 00 00 00 00
1768600422.4306147,2147746239,8,01 00 00 00 00 00 00 00
1768600422.438775,2181413195,8,00 00 00 00 00 00 00 00
1768600422.4496324,2147746239,8,01 00 00 00 00 00 00 00
1768600422.4578748,2181413195,8,00 00 00 00 00 00 00 00
1768600422.4686978,2147746239,8,01 00 00 00 00 00 00 00
1768600422.4769762,2181413195,8,00 00 00 00 00 00 00 00
1768600422.485247,2147746239,8,01 00 00 00 00 00 00 00
1768600422.496067,2181413195,8,00 00 00 00 00 00 00 00
1768600422.5044398,2164332608,8,78 01 00 16 59 04 00 60
1768600422.5125477,2181412875,8,00 00 E0 06 00 00 20 00
1768600422.523398,2181413195,8,00 00 00 00 00 00 00 00
1768600422.5318532,2181412875,8,00 00 E2 06 00 00 20 00
1768600422.539928,2181413195,8,00 00 00 00 00 00 00 00
1768600422.5507743,2147746239,8,01 00 00 00 00 00 00 00
1768600422.559029,2181413195,8,00 00 00 00 00 00 00 00
1768600422.5698364,2147746239,8,01 00 00 00 00 00 00 00
1768600422.5781322,2181413195,8,00 00 00 00 00 00 00 00
1768600422.5864882,2147746239,8,01 00 00 00 00 00 00 00
1768600422.5973012,2181413195,8,00 00 00 00 00 00 00 00
1768600422.6054552,2164332608,8,78 01 00 16 59 04 00 60
1768600422.6137056,2181412875,8,00 00 E2 06 00 00 20 00
1768600422.6245542,2181413195,8,00 00 00 00 00 00 00 00
1768600422.632873,2181412875,8,00 00 E2 06 00 00 20 00
1768600422.6436443,2181413195,8,00 00 00 00 00 00 00 00
1768600422.6519356,2181412875,8,AC 0C D2 06 00 00 20 00
1768600422.6601927,2181412939,8,00 00 00 08 00 00 00 00
1768600422.6709883,2147746239,8,01 00 00 00 00 00 00 00
1768600422.6793058,2181413195,8,00 00 00 00 00 00 00 00
1768600422.6875212,2147746239,8,01 00 00 00 00 00 00 00
1768600422.6984327,2181413195,8,00 00 00 00 00 00 00 00
1768600422.706626,2147746239,8,01 00 00 00 00 00 00 00
1768600422.7174687,2181413195,8,00 00 00 00 00 00 00 00
1768600422.7257376,2147746239,8,01 00 00 00 00 00 00 00
1768600422.733992,2181412875,8,AC 0C DB 06 00 00 20 00
1768600422.7447972,2181413195,8,00 00 00 00 00 00 00 00
1768600422.75306,2181412875,8,AC 0C DB 06 00 00 20 00
1768600422.7613494,2181413195,8,00 00 00 00 00 00 00 00
1768600422.7721546,2181412875,8,AC 0C DB 06 00 00 20 00
1768600422.7804372,2181413195,8,00 00 00 00 00 00 00 00
1768600422.7913353,2147746239,8,01 00 00 00 00 00 00 00
1768600422.7995777,2181413195,8,00 00 00 00 00 00 00 00
1768600422.807773,2147746239,8,01 00 00 00 00 00 00 00
1768600422.8186383,2181413195,8,00 00 00 00 00 00 00 00
1768600422.826882,2147746239,8,01 00 00 00 00 00 00 00
1768600422.8351347,2181413195,8,00 00 00 00 00 00 00 00
1768600422.8459563,2147746239,8,01 00 00 00 00 00 00 00
1768600422.8542092,2181412875,8,AC 0C DD 06 00 00 20 00
1768600422.8651483,2181413195,8,00 00 00 00 00 00 00 00
1768600422.8734202,2181412875,8,AC 0C DC 06 00 00 20 00
1768600422.8816361,2181413195,8,00 00 00 00 00 00 00 00
1768600422.8923888,2181412875,8,AC 0C DB 06 00 00 20 00
1768600422.9007185,2181413195,8,00 00 00 00 00 00 00 00
1768600422.9089537,2181300382,8,00 00 66 00 00 00 00 00
1768600422.9198048,2181413195,8,00 00 00 00 00 00 00 00
1768600422.9280236,2147746239,8,01 00 00 00 00 00 00 00
1768600422.938828,2181413195,8,00 00 00 00 00 00 00 00
1768600422.9471288,2147746239,8,01 00 00 00 00 00 00 00
1768600422.955453,2181413195,8,00 00 00 00 00 00 00 00
1768600422.9662821,2147746239,8,01 00 00 00 00 00 00 00
1768600422.9744651,2181412875,8,AC 0C DB 06 00 00 20 00
1768600422.982826,2181413195,8,00 00 00 00 00 00 00 00
1768600422.9935448,2181412875,8,AC 0C DA 06 00 00 20 00
1768600423.0018847,2181413195,8,00 00 00 00 00 00 00 00
1768600423.0126402,2181412875,8,AC 0C DD 06 00 00 20 00
1768600423.0209332,2181413195,8,00 00 00 00 00 00 00 00
1768600423.0291808,2164332608,8,78 01 00 16 59 04 00 60
1768600423.039977,2181413195,8,00 00 00 00 00 00 00 00
1768600423.0483694,2147746239,8,01 00 00 00 00 00 00 00
1768600423.0565302,2181413195,8,00 00 00 00 00 00 00 00
1768600423.0674102,2147746239,8,01 00 00 00 00 00 00 00
1768600423.0756104,2181413195,8,00 00 00 00 00 00 00 00
1768600423.0864937,2147746239,8,01 00 00 00 00 00 00 00
1768600423.0947275,2181412875,8,AC 0C D5 06 00 00 20 00
1768600423.1030335,2181413195,8,00 00 00 00 00 00 00 00
1768600423.113902,2181412875,8,00 00 E2 06 00 00 20 00
1768600423.1221054,2181413195,8,00 00 00 00 00 00 00 00
1768600423.1303356,2181412875,8,AC 0C D6 06 00 00 20 00
1768600423.1411486,2181413195,8,00 00 00 00 00 00 00 00
1768600423.1494813,2147746239,8,01 00 00 00 00 00 00 00
1768600423.1603172,2181413195,8,00 00 00 00 00 00 00 00
1768600423.168572,2147746239,8,01 00 00 00 00 00 00 00
1768600423.1767747,2181413195,8,00 00 00 00 00 00 00 00
1768600423.1876342,2147746239,8,01 00 00 00 00 00 00 00
1768600423.1958559,2181413195,8,00 00 00 00 00 00 00 00
1768600423.2041774,2147746239,8,01 00 00 00 00 00 00 00
1768600423.2149923,2181412875,8,AC 0C DC 06 00 00 20 00
1768600423.2231944,2181413195,8,00 00 00 00 00 00 00 00
1768600423.2340796,2181412875,8,AC 0C DC 06 00 00 20 00
1768600423.242389,2181413195,8,00 00 00 00 00 00 00 00
1768600423.25061,2181412875,8,AC 0C DC 06 00 00 20 00
1768600423.261378,2181413195,8,00 00 00 00 00 00 00 00
1768600423.2697117,2147746239,8,01 00 00 00 00 00 00 00
1768600423.2779238,2181413195,8,00 00 00 00 00 00 00 00
1768600423.2887697,2147746239,8,01 00 00 00 00 00 00 00
1768600423.297021,2181413195,8,00 00 00 00 00 00 00 00
1768600423.3078725,2147746239,8,01 00 00 00 00 00 00 00
1768600423.3161557,2181413195,8,00 00 00 00 00 00 00 00
1768600423.3244488,2147746239,8,01 00 00 00 00 00 00 00
1768600423.3352098,2181412875,8,00 00 E3 06 00 00 20 00
1768600423.3434525,2181413195,8,00 00 00 00 00 00 00 00
1768600423.3517573,2181412875,8,00 00 E3 06 00 00 20 00
1768600423.3625531,2181413195,8,00 00 00 00 00 00 00 00
1768600423.3708317,2181412875,8,00 00 E3 06 00 00 20 00
1768600423.38171,2181413195,8,00 00 00 00 00 00 00 00
1768600423.3899677,2147746239,8,01 00 00 00 00 00 00 00
1768600423.3981943,2181413195,8,00 00 00 00 00 00 00 00
1768600423.4090354,2147746239,8,01 00 00 00 00 00 00 00
1768600423.4173238,2181413195,8,00 00 00 00 00 00 00 00
1768600423.4255617,2147746239,8,01 00 00 00 00 00 00 00
1768600423.436398,2181413195,8,00 00 00 00 00 00 00 00
1768600423.444641,2164332608,8,78 01 00 16 59 04 00 60
1768600423.4554708,2181412875,8,AC 0C D7 06 00 00 20 00
1768600423.463691,2181413195,8,00 00 00 00 00 00 00 00
1768600423.471991,2181412875,8,00 00 E1 06 00 00 20 00
1768600423.4828327,2181413195,8,00 00 00 00 00 00 00 00
1768600423.4910955,2181412875,8,00 00 E3 06 00 00 20 00
1768600423.4993794,2181413195,8,00 00 00 00 00 00 00 00
1768600423.5101717,2181300382,8,00 00 66 00 00 00 00 00
1768600423.5184526,2181413195,8,00 00 00 00 00 00 00 00
1768600423.529311,2147746239,8,01 00 00 00 00 00 00 00
1768600423.5375257,2181413195,8,00 00 00 00 00 00 00 00
1768600423.5458078,2147746239,8,01 00 00 00 00 00 00 00
1768600423.5566177,2181413195,8,00 00 00 00 00 00 00 00
1768600423.56493,2164332608,8,78 01 00 16 59 04 00 60
1768600423.5731282,2181412875,8,AC 0C C5 06 00 00 20 00
1768600423.583961,2181413195,8,00 00 00 00 00 00 00 00
1768600423.5922508,2181412875,8,AC 0C D7 06 00 00 20 00
1768600423.6005194,2181413195,8,00 00 00 00 00 00 00 00
1768600423.6113703,2181300382,8,00 00 66 00 00 00 00 00
1768600423.619598,2181413195,8,00 00 00 00 00 00 00 00
1768600423.6304367,2147746239,8,01 00 00 00 00 00 00 00
1768600423.6387293,2181413195,8,00 00 00 00 00 00 00 00
1768600423.6469712,2147746239,8,01 00 00 00 00 00 00 00
1768600423.6577747,2181413195,8,00 00 00 00 00 00 00 00
1768600423.6661701,2147746239,8,01 00 00 00 00 00 00 00
1768600423.6743174,2181413195,8,00 00 00 00 00 00 00 00
1768600423.6851327,2164332608,8,78 01 00 16 59 04 00 60
1768600423.693433,2181412875,8,AC 0C DC 06 00 00 20 00
1768600423.7042086,2181413195,8,00 00 00 00 00 00 00 00
1768600423.7124922,2181412875,8,00 00 E1 06 00 00 20 00
1768600423.720728,2181413195,8,00 00 00 00 00 00 00 00
1768600423.7317195,2147746239,8,01 00 00 00 00 00 00 00
1768600423.7398124,2181413195,8,00 00 00 00 00 00 00 00
1768600423.748157,2147746239,8,01 00 00 00 00 00 00 00
1768600423.7589188,2181413195,8,00 00 00 00 00 00 00 00
1768600423.767295,2147746239,8,01 00 00 00 00 00 00 00
1768600423.7779999,2181413195,8,00 00 00 00 00 00 00 00
1768600423.7862902,2147746239,8,01 00 00 00 00 00 00 00
1768600423.7945724,2181413195,8,00 00 00 00 00 00 00 00
1768600423.8053427,2164332608,8,78 01 00 16 59 04 00 60
1768600423.813645,2181412875,8,00 00 E2 06 00 00 20 00
1768600423.8218906,2181413195,8,00 00 00 00 00 00 00 00
1768600423.8328443,2181412875,8,AC 0C D5 06 00 00 20 00
1768600423.8409665,2181413195,8,00 00 00 00 00 00 00 00
1768600423.8518515,2147746239,8,01 00 00 00 00 00 00 00
1768600423.8601367,2181413195,8,00 00 00 00 00 00 00 00
1768600423.868343,2147746239,8,01 00 00 00 00 00 00 00
1768600423.8791547,2181413195,8,00 00 00 00 00 00 00 00
1768600423.887426,2147746239,8,01 00 00 00 00 00 00 00
1768600423.8957024,2181413195,8,00 00 00 00 00 00 00 00
1768600423.906499,2147746239,8,01 00 00 00 00 00 00 00
1768600423.914979,2181413195,8,00 00 00 00 00 00 00 00
1768600423.9255898,2164332608,8,78 01 00 16 59 04 00 60
1768600423.9339185,2181412875,8,00 00 E3 06 00 00 20 00
1768600423.9421244,2181413195,8,00 00 00 00 00 00 00 00
1768600423.9529786,2181412875,8,AC 0C D6 06 00 00 20 00
1768600423.9612265,2181413195,8,00 00 00 00 00 00 00 00
1768600423.9694993,2147746239,8,01 00 00 00 00 00 00 00
1768600423.980374,2181413195,8,00 00 00 00 00 00 00 00
1768600423.9885528,2147746239,8,01 00 00 00 00 00 00 00
1768600423.9995062,2181413195,8,00 00 00 00 00 00 00 00
1768600424.0076556,2147746239,8,01 00 00 00 00 00 00 00
1768600424.016077,2181413195,8,00 00 00 00 00 00 00 00
1768600424.0267415,2147746239,8,01 00 00 00 00 00 00 00
1768600424.0350616,2181412875,8,00 00 E2 06 00 00 20 00
1768600424.0432856,2181413195,8,00 00 00 00 00 00 00 00
1768600424.0541458,2181412875,8,AC 0C D3 06 00 00 20 00
1768600424.0624301,2181413195,8,00 00 00 00 00 00 00 00
1768600424.0733156,2181412875,8,AC 0C DA 06 00 00 20 00
1768600424.0815322,2181413195,8,00 00 00 00 00 00 00 00
1768600424.0897098,2147746239,8,01 00 00 00 00 00 00 00
1768600424.1006055,2181413195,8,00 00 00 00 00 00 00 00
1768600424.1088076,2147746239,8,01 00 00 00 00 00 00 00
1768600424.1171641,2181413195,8,00 00 00 00 00 00 00 00
1768600424.1278965,2147746239,8,01 00 00 00 00 00 00 00
1768600424.136226,2181413195,8,00 00 00 00 00 00 00 00
1768600424.1469903,2147746239,8,01 00 00 00 00 00 00 00
